paper_id,title,authors,publication_year,journal,abstract,tesla_products_mentioned,key_findings,sentiment,investment_implications
RP001,"Electric Vehicle Market Analysis: Tesla's Disruptive Innovation","Johnson et al.",2023,"Journal of Clean Energy","Analysis of Tesla's market position and technological innovations in the EV sector",Model S,Model 3,Model Y,"Tesla leads in battery technology and software integration","Positive","Strong buy recommendation due to technological leadership"
RP002,"Battery Technology Advancements in Electric Vehicles","Chen and Smith",2023,"Energy Research","Comprehensive review of lithium-ion battery improvements in Tesla vehicles",Model 3,Cybertruck,"Tesla's battery efficiency exceeds industry average by 15%","Positive","Favorable for long-term growth"
RP003,"Autonomous Driving Technology: Tesla's Approach","Williams and Brown",2022,"Transportation Research","Analysis of Tesla's Full Self-Driving capabilities and safety features",Model S,Model X,"FSD shows promising results but regulatory challenges remain","Neutral","Moderate risk due to regulatory uncertainty"
RP004,"Supply Chain Analysis in Electric Vehicle Manufacturing","Davis et al.",2023,"Operations Management","Study of Tesla's vertical integration strategy and supply chain resilience",All Models,"Tesla's vertical integration reduces supply chain risks","Positive","Competitive advantage in supply chain management"
RP005,"Market Sentiment Analysis: Tesla vs Traditional Automakers","Anderson and Lee",2023,"Financial Analysis","Comparative analysis of Tesla's market performance against legacy automakers",Model 3,Model Y,"Tesla maintains strong brand loyalty and market share","Positive","Outperforms traditional automakers"
RP006,"Environmental Impact of Electric Vehicle Adoption","Garcia and Wilson",2022,"Environmental Science","Lifecycle analysis of Tesla vehicles' environmental footprint",Model S,Model 3,"Tesla vehicles show 60% lower carbon footprint over lifetime","Positive","Favorable for ESG-focused investors"
RP007,"Charging Infrastructure Development and Tesla's Supercharger Network","Taylor and Martinez",2023,"Infrastructure Research","Analysis of Tesla's charging network expansion and reliability",Supercharger Network,"Tesla's charging network is most reliable in the industry","Positive","Infrastructure advantage supports growth"
RP008,"Software and Over-the-Air Updates in Modern Vehicles","Kim and Johnson",2023,"Software Engineering","Study of Tesla's software-first approach to vehicle development",All Models,"Tesla's OTA updates provide continuous value to customers","Positive","Recurring revenue potential through software"
RP009,"Battery Recycling and Sustainability in EV Industry","Patel and Brown",2022,"Sustainability Research","Analysis of Tesla's battery recycling initiatives and circular economy approach",Battery Technology,"Tesla leads in battery recycling technology","Positive","Long-term sustainability advantage"
RP010,"Competitive Analysis: Tesla vs Emerging EV Startups","White and Davis",2023,"Strategic Management","Comparison of Tesla's competitive position against new EV entrants",Model 3,Model Y,"Tesla maintains significant technological and scale advantages","Positive","Strong competitive moat"
RP011,"Regulatory Challenges in Autonomous Vehicle Development","Clark and Anderson",2022,"Policy Research","Analysis of regulatory hurdles facing Tesla's autonomous driving technology",FSD Technology,"Regulatory approval timeline uncertain for full autonomy","Neutral","Regulatory risk factor"
RP012,"Energy Storage Solutions: Tesla's Powerwall and Megapack","Rodriguez and Lee",2023,"Energy Storage Research","Review of Tesla's energy storage products and market potential",Powerwall,Megapack,"Tesla's energy storage business shows strong growth potential","Positive","Diversified revenue streams"
RP013,"Manufacturing Efficiency: Tesla's Production Innovation","Thompson and Garcia",2023,"Manufacturing Research","Analysis of Tesla's manufacturing processes and efficiency gains",Gigafactories,"Tesla's manufacturing efficiency exceeds industry standards","Positive","Cost advantage through manufacturing innovation"
RP014,"Customer Satisfaction and Brand Loyalty in EV Market","Wilson and Kim",2022,"Consumer Research","Study of Tesla customer satisfaction and brand loyalty metrics",All Models,"Tesla maintains highest customer satisfaction in EV segment","Positive","Strong brand equity supports premium pricing"
RP015,"Financial Performance Analysis: Tesla's Profitability Model","Martinez and White",2023,"Financial Research","Comprehensive analysis of Tesla's financial performance and profitability",All Products,"Tesla achieves industry-leading profit margins in automotive sector","Positive","Strong financial performance supports valuation" 